threshold,accuracy,precision,recall,f1_score,true_positive,true_negative,false_positive,false_negative
0.9,0.9986666666666667,0.9986666666666667,0.9986666666666667,0.9986666666666667,749.0,749.0,1.0,1.0
0.8,0.9966666666666667,0.9933774834437086,1.0,0.9966777408637874,750.0,745.0,5.0,0.0
0.7,0.9953333333333333,0.9907529722589168,1.0,0.9953550099535501,750.0,743.0,7.0,0.0
0.6,0.9933333333333333,0.9868421052631579,1.0,0.9933774834437086,750.0,740.0,10.0,0.0
0.5,0.9893333333333333,0.97911227154047,1.0,0.9894459102902375,750.0,734.0,16.0,0.0
0.4,0.988,0.9765625,1.0,0.9881422924901185,750.0,732.0,18.0,0.0
0.3,0.9826666666666667,0.9664948453608248,1.0,0.982961992136304,750.0,724.0,26.0,0.0
0.2,0.9766666666666667,0.9554140127388535,1.0,0.9771986970684039,750.0,715.0,35.0,0.0
0.1,0.9613333333333334,0.9282178217821783,1.0,0.962772785622593,750.0,692.0,58.0,0.0
